-- --------------------------------------------------------
-- Host:                         127.0.0.1
-- Server version:               8.0.30 - MySQL Community Server - GPL
-- Server OS:                    Win64
-- HeidiSQL Version:             12.1.0.6537
-- --------------------------------------------------------

/*!40101 SET @OLD_CHARACTER_SET_CLIENT=@@CHARACTER_SET_CLIENT */;
/*!40101 SET NAMES utf8 */;
/*!50503 SET NAMES utf8mb4 */;
/*!40103 SET @OLD_TIME_ZONE=@@TIME_ZONE */;
/*!40103 SET TIME_ZONE='+00:00' */;
/*!40014 SET @OLD_FOREIGN_KEY_CHECKS=@@FOREIGN_KEY_CHECKS, FOREIGN_KEY_CHECKS=0 */;
/*!40101 SET @OLD_SQL_MODE=@@SQL_MODE, SQL_MODE='NO_AUTO_VALUE_ON_ZERO' */;
/*!40111 SET @OLD_SQL_NOTES=@@SQL_NOTES, SQL_NOTES=0 */;


-- Dumping database structure for bir
CREATE DATABASE IF NOT EXISTS `bir` /*!40100 DEFAULT CHARACTER SET utf8mb4 COLLATE utf8mb4_0900_ai_ci */ /*!80016 DEFAULT ENCRYPTION='N' */;
USE `bir`;

-- Dumping structure for table bir.books
CREATE TABLE IF NOT EXISTS `books` (
  `bookid` char(36) CHARACTER SET utf8mb4 COLLATE utf8mb4_bin NOT NULL,
  `title` varchar(255) NOT NULL,
  `summary` text NOT NULL,
  `music` varchar(255) DEFAULT NULL,
  `image` varchar(255) DEFAULT NULL,
  `createdAt` datetime NOT NULL,
  `updatedAt` datetime NOT NULL,
  PRIMARY KEY (`bookid`)
) ENGINE=InnoDB DEFAULT CHARSET=utf8mb4 COLLATE=utf8mb4_0900_ai_ci;

-- Dumping data for table bir.books: ~4 rows (approximately)
INSERT INTO `books` (`bookid`, `title`, `summary`, `music`, `image`, `createdAt`, `updatedAt`) VALUES
	('6b10de49-533b-4f51-9eee-695213cc9b85', 'Kutukan JavaScript', 'Aria, seorang programmer web jenius di Cyberville, dihantui kutukan misterius yang menyebabkan website yang dia hosting selalu dibanned. Kutukan ini dimulai saat dia menggunakan kode JavaScript kuno dari sebuah buku loak. Putus asa, Aria mencari bantuan dukun teknologi bernama Niko yang menyuruhnya melakukan "tarian penolakan JavaScript" untuk menghilangkan kutukan. Di bawah sinar bulan purnama, Aria menari dengan gerakan simbolis dan merasakan kutukan itu hilang. Kini, Aria kembali berhati-hati dalam menggunakan kode dan menghormati tradisi kuno yang telah menyelamatkannya. Kisah Aria menjadi legenda di Cyberville, mengingatkan semua tentang bahaya kode misterius dan kekuatan tarian penolakan JavaScript.', '5f835865-3732-427a-8de7-8f67d181d722-1717563430511.mp3', '38d9ab61-6813-4a04-ace1-7105d496ebe7-1717563430620.jpeg', '2024-06-05 04:54:25', '2024-06-05 04:57:10'),
	('7106c109-337f-4b56-88eb-1a476e8aed0c', 'Goresan Mimpi di Layar Digital ', 'Dina, seorang gadis berbakat dengan jiwa seni yang mendalam, diterima di kelas akselerasi di SMA favoritnya. Namun, jadwal yang padat mulai menimbulkan kekhawatiran akan kemampuannya untuk tetap melanjutkan hobinya dalam melukis. Untungnya, dengan dukungan penuh dari orang tuanya, Dina menemukan sebuah komunitas melukis online yang kembali membakar semangat dan hasratnya.\r\n\r\nTekad Dina untuk menyeimbangkan antara mimpinya dan pendidikan diuji melalui berbagai rintangan. Dengan kegigihan dan semangat yang tak kenal lelah, Dina membuktikan bahwa impian dan pendidikan bukanlah hambatan, melainkan dua sayap yang membawanya terbang menuju masa depan yang gemilang. Meskipun tantangan terus datang, Dina tetap yakin bahwa dengan kerja keras dan dukungan orang-orang tercinta, ia dapat menggapai keduanya dengan sukses.', NULL, '7b309acf-933e-48b4-94f3-170352ec1ac5-1717566450693.jpeg', '2024-06-05 04:40:31', '2024-06-05 05:47:30'),
	('b928e5f9-3211-4408-8dfc-c528918d7853', 'a history sarah\'s', 'Sarah was bullied relentlessly at school. One day, she witnessed a group of students standing up for another bullied boy. This act of kindness inspired a change in the school environment, leading the bullies to become kinder and Sarah to find friendship and acceptance. Sarah learned that even a small act can make a big difference.', '91aa0e9f-4832-4523-bd50-2bb3c9a74acc-1717561672711.mp3', 'b5b27f82-4750-49fa-820c-3a2cf2849ed0-1717561672786.png', '2024-06-02 18:06:37', '2024-06-05 04:27:52'),
	('bd795855-5c8a-4e8c-b011-1853b3147fdc', 'Teman terbaik adalah musuh kita', 'Di desa dekat hutan, Jaka, Rina, dan Danu menyelidiki rumah tua berhantu. Mereka menemukan buku misterius yang memunculkan sosok bayangan jahat. Jaka curiga pada Rina yang ingin meninggalkannya dengan Danu. Ternyata, Rina bersekongkol dengan arwah jahat! Jaka dan Danu melawan dan mengungkap pengkhianatan Rina. Persahabatan sejati menang atas tipu daya.', '1d5b53eb-c3f3-4051-b651-973e9a391e33-1717564432545.mp3', '68d502e3-64c9-43a8-b34f-0a776cc5a96a-1717564432587.jpeg', '2024-06-05 05:13:52', '2024-06-05 05:13:52');

-- Dumping structure for table bir.pages
CREATE TABLE IF NOT EXISTS `pages` (
  `pageid` char(36) CHARACTER SET utf8mb4 COLLATE utf8mb4_bin NOT NULL,
  `storytext` text NOT NULL,
  `image` varchar(255) DEFAULT NULL,
  `relatedBookId` char(36) CHARACTER SET utf8mb4 COLLATE utf8mb4_bin DEFAULT NULL,
  `createdAt` datetime NOT NULL,
  `updatedAt` datetime NOT NULL,
  PRIMARY KEY (`pageid`),
  KEY `relatedBookId` (`relatedBookId`),
  CONSTRAINT `pages_ibfk_1` FOREIGN KEY (`relatedBookId`) REFERENCES `books` (`bookid`) ON DELETE CASCADE ON UPDATE CASCADE
) ENGINE=InnoDB DEFAULT CHARSET=utf8mb4 COLLATE=utf8mb4_0900_ai_ci;

-- Dumping data for table bir.pages: ~44 rows (approximately)
INSERT INTO `pages` (`pageid`, `storytext`, `image`, `relatedBookId`, `createdAt`, `updatedAt`) VALUES
	('040f8d77-f208-4ca3-8bd5-de5c9a9670a2', 'Sarah felt alone and hopeless, and she didn\'t know how much more she could take.', '310f3b38-f5a1-4bfb-bba6-b86fc6981ff9-1717351751567.png', 'b928e5f9-3211-4408-8dfc-c528918d7853', '2024-06-02 18:09:11', '2024-06-02 18:09:11'),
	('0cafc524-f855-4f8f-ae65-fc1884fe02e6', 'Dina, dengan kuncir kuda berantakan akibat hembusan angin sore, menatap nanar pengumuman kelulusan di papan mading sekolah. Degup jantungnya berpacu. Genggaman tangan sahabatnya, Rani, tak kunjung mengendur. Pengumuman itu seperti penentuan nasib, jembatan menuju SMA favorit mereka.', '90877ef1-3f87-4358-ba11-a7da1c7e1b4a-1717562551131.jpeg', '7106c109-337f-4b56-88eb-1a476e8aed0c', '2024-06-05 04:42:31', '2024-06-05 04:42:31'),
	('1294a911-eb44-4e53-9644-fbedbd7cfbc9', 'Dina melirik ke bawah. Namanya memang tertera disana, tapi di bawah garis miring. Diterima, tapi di kelas akselerasi. Kelas yang terkenal super ketat dan penuh tekanan. Senyum Dina mengembang, tapi tak sampai ke matanya.', '12b828d2-34e1-4a4c-950b-7a88df6f3846-1717562698921.jpeg', '7106c109-337f-4b56-88eb-1a476e8aed0c', '2024-06-05 04:44:58', '2024-06-05 04:44:58'),
	('13176c71-494c-4c23-8acd-dfd9618a4b77', 'Sepulang sekolah, suasana rumah hening. Orang tua Dina pasti kecewa. Kelas akselerasi bukan jaminan masa depan cemerlang bagi mereka, yang mementingkan keseimbangan belajar dan hobi.\r\n\r\nDugaan Dina benar. Ibunya menghela napas panjang. Ayahnya hanya diam, tapi guratan kekecewaan terlihat jelas di wajahnya.\r\n', '05ca434f-c3bf-4c19-860d-92bb821881ad-1717563071505.jpeg', '7106c109-337f-4b56-88eb-1a476e8aed0c', '2024-06-05 04:51:11', '2024-06-05 04:51:11'),
	('14b1dd41-c4e9-428b-8ce8-ca868d05daec', 'Saat Jaka kembali ke ruang bawah tanah, ia menemukan Danu terikat dan terluka parah. Danu mengatakan bahwa sosok bayangan itu adalah arwah jahat yang dikendalikan oleh seseorang. Dengan bantuan Danu, Jaka berhasil melawan arwah itu dan melepaskan Danu dari ikatannya.\r\n\r\nSetelah berhasil keluar dari rumah tua itu, Danu mengungkapkan kebenaran yang mengejutkan. Rina ternyata telah bersekongkol dengan arwah jahat itu untuk mendapatkan kekuatan gaib. Dia menghambat Jaka sepanjang waktu untuk memastikan rencana jahatnya berhasil. Sosok bayangan yang menyerang mereka adalah bagian dari rencana Rina untuk menyingkirkan Jaka dan Danu.\r\n\r\nJaka merasa hancur mendengar pengkhianatan sahabatnya, tetapi ia tahu bahwa ia harus bertindak. Bersama Danu, mereka kembali ke desa dan melaporkan semuanya kepada penduduk desa. Rina akhirnya diusir dari desa dan rumah tua itu dihancurkan untuk selamanya.\r\n\r\nSejak saat itu, Jaka dan Danu menjadi lebih berhati-hati dalam memilih teman. Mereka menyadari bahwa kadang-kadang musuh terbesar adalah orang yang paling dekat dengan kita, sementara bantuan sejati datang dari orang yang benar-benar peduli. Desa mereka kembali tenang, tetapi pengalaman itu selamanya terukir dalam ingatan mereka, sebagai peringatan akan bahayanya pengkhianatan dan pentingnya persahabatan sejati.', '56931548-20d5-4b47-9b37-454aa8882ecc-1717565638749.jpeg', 'bd795855-5c8a-4e8c-b011-1853b3147fdc', '2024-06-05 05:33:58', '2024-06-05 05:33:58'),
	('15af7e15-ff82-4e77-9b8f-a120d150001d', 'Namun, di balik kesuksesannya, Aria menyimpan sebuah rahasia gelap: setiap kali dia meng-hosting website, dalam beberapa hari hosting tersebut akan dibanned. Kejadian ini terjadi berulang kali tanpa sebab yang jelas, hingga akhirnya Aria mulai percaya bahwa dia telah terkena kutukan.', 'e028a3e5-7f70-4a65-9a43-814703beaaf2-1717565901777.jpeg', '6b10de49-533b-4f51-9eee-695213cc9b85', '2024-06-05 05:01:30', '2024-06-05 05:38:21'),
	('1963b098-ede3-43e8-abfe-b6b82221086c', 'Dina menelusuri daftar nama, mulai dari atas. Mata Rani bergerak ke bawah, jemarinya menghitung satu per satu. Keheningan menegangkan. Ketika mata Dina hampir mencapai ujung daftar, teriakan Rani memecah keheningan.\r\n', '450c6e10-fa65-4bb1-945e-59173d612f02-1717562598764.jpeg', '7106c109-337f-4b56-88eb-1a476e8aed0c', '2024-06-05 04:43:18', '2024-06-05 04:43:18'),
	('22f75a79-297f-4b6e-805c-6da6cc10432b', 'Sepanjang pencarian mereka, Rina terus-menerus mengajak Jaka untuk kembali ke desa dan meninggalkan Danu. Alasan Rina terdengar masuk akal, tetapi ada sesuatu dalam sikapnya yang membuat Jaka curiga. Dia mulai berpikir bahwa mungkin Rina menyembunyikan sesuatu.\r\n', '14e97186-8506-4718-97a8-c7a5ed95c1bb-1717565573711.jpeg', 'bd795855-5c8a-4e8c-b011-1853b3147fdc', '2024-06-05 05:32:53', '2024-06-05 05:32:53'),
	('2461ebb4-7aa7-4965-807b-ff7914aff5ee', 'Ketika mereka menjelajahi lantai atas, tiba-tiba terdengar suara gemerisik di ruangan sebelah. Jaka, dengan keberaniannya, segera menuju suara itu, diikuti oleh Rina dan Danu. Mereka menemukan sebuah pintu kecil yang tampak tersembunyi di balik rak buku tua. Dengan hati-hati, Jaka membuka pintu tersebut dan menemukan sebuah tangga menuju ruang bawah tanah yang gelap.\r\n', '447ceefe-0ffb-4840-a3f1-4cac56bdfe4f-1717564883294.jpeg', 'bd795855-5c8a-4e8c-b011-1853b3147fdc', '2024-06-05 05:21:23', '2024-06-05 05:21:23'),
	('29bc8a65-704e-4ada-8f8c-03ae608022ef', 'Sarah couldn\'t believe what she had just witnessed. She had always thought that no one would stand up for her, but here were these students, standing up for someone else. She couldn\'t help but feel a sense of hope and courage fill her heart.\r\n', 'ef1f89ea-218c-417f-b943-afd6732045b3-1717562002396.png', 'b928e5f9-3211-4408-8dfc-c528918d7853', '2024-06-02 18:10:47', '2024-06-05 04:33:22'),
	('3487ef21-7c64-4749-a1f2-cfd5d009d95f', 'They were laughing and calling him names, just like they did to her. Sarah\'s heart sank as she watched the boy\'s face turn red with embarrassment.\r\n', 'ad9d9527-b982-4de4-b116-07e97a77efaf-1717351802075.png', 'b928e5f9-3211-4408-8dfc-c528918d7853', '2024-06-02 18:10:02', '2024-06-02 18:10:02'),
	('39034869-d420-4794-b9f8-b1f5dbc0b8e6', 'From that day on, Sarah learned that sometimes it takes a small act of kindness to change the world. And she was grateful to have witnessed it firsthand.', '6cc0c5d8-0819-48fd-a796-262701e7f826-1717562126591.png', 'b928e5f9-3211-4408-8dfc-c528918d7853', '2024-06-02 18:12:42', '2024-06-05 04:35:26'),
	('4381c95c-ea63-458f-add2-e87adcdc0f3f', 'Saat mereka turun ke bawah, hawa dingin menusuk tulang. Ruang bawah tanah itu dipenuhi oleh barang-barang tua yang berdebu dan peralatan aneh. Di tengah ruangan, mereka menemukan sebuah buku besar dengan sampul yang sangat usang. Ketika Jaka membuka buku itu, ia merasa ada sesuatu yang aneh, seolah-olah buku itu memiliki kekuatan jahat yang tersembunyi.\r\n', '627ba1ad-63e5-4147-b979-270c3796674f-1717564964147.jpeg', 'bd795855-5c8a-4e8c-b011-1853b3147fdc', '2024-06-05 05:22:44', '2024-06-05 05:22:44'),
	('46b6a225-325f-492d-83ab-c019d03e57d7', 'Dengan sekuat tenaga, Jaka berhasil mengusir sosok itu, tetapi Rina tampak sangat ketakutan. Mereka berdua akhirnya berhasil keluar dari ruang bawah tanah, tetapi Danu tidak terlihat di mana pun. Mereka memutuskan untuk mencarinya, tetapi Jaka mulai merasakan ada yang tidak beres.\r\n', 'b7cff19d-49c9-402b-971c-05dbd955034d-1717565525327.jpeg', 'bd795855-5c8a-4e8c-b011-1853b3147fdc', '2024-06-05 05:32:05', '2024-06-05 05:32:05'),
	('476edc87-e7c6-46c3-8095-56cf5efaa7a3', 'She had tried everything she could think of to make it stop. She told her parents, but it doesn\'t seemed to work. The bullying only seemed to get worse. ', '2bd16136-96de-4a3f-a4da-9bb8c3a080cc-1717351721889.png', 'b928e5f9-3211-4408-8dfc-c528918d7853', '2024-06-02 18:08:41', '2024-06-02 18:08:41'),
	('4b45252c-214a-4dde-856f-fc61f30ed8a5', 'Tertarik oleh cerita itu, Jaka mengajak Rina dan Danu untuk menyelidikinya. Meski Rina awalnya ragu, Danu dengan semangat setuju. Akhirnya, ketiganya berangkat ke hutan pada suatu sore yang kelam. Langit mendung dan angin berhembus kencang, memberikan kesan mencekam sejak awal perjalanan mereka.\r\n', '90e4e0c8-c0de-4baa-9fba-82e6cb0bbb4d-1717564752303.jpeg', 'bd795855-5c8a-4e8c-b011-1853b3147fdc', '2024-06-05 05:19:12', '2024-06-05 05:19:12'),
	('4d1d41a4-323d-43b6-a1f3-753385361f1b', 'From that day on, Sarah noticed a change in her school. The students who had once been bullies started to be kinder to their classmates. They even started to include Sarah in their activities. Sarah realized that they had realized the error of their ways and were now making amends.\r\n', '64c3d574-f60e-4a2d-9554-2f1036d612d5-1717562051221.png', 'b928e5f9-3211-4408-8dfc-c528918d7853', '2024-06-02 18:11:12', '2024-06-05 04:34:11'),
	('4fab562e-a294-433c-97cd-616b29d51691', 'Pada malam bulan purnama, di halaman rumah Niko yang diterangi lilin-lilin kecil, Aria memulai tarian penolakan JavaScript. Dengan gerakan tangan yang memutar seperti menulis kode dan langkah-langkah kaki yang menyerupai algoritma, Aria menari di bawah sinar bulan. Suara gemerisik daun dan angin malam seakan ikut menari bersamanya. \r\n', 'c1f12a66-e549-4a14-8580-e8d37f21ab2f-1717564147218.jpeg', '6b10de49-533b-4f51-9eee-695213cc9b85', '2024-06-05 05:09:07', '2024-06-05 05:09:07'),
	('599205f2-a6f7-45bd-8524-c7cbe6ed1ad9', 'Setelah beberapa jam, Aria merasakan sesuatu yang aneh. Tubuhnya terasa lebih ringan, dan ada sensasi hangat yang mengalir dari ujung rambut hingga ujung kaki. Niko yang menyaksikan dari kejauhan tersenyum puas. "Kutukan itu telah pergi," katanya lembut.\r\n\r\n', '0b2dfff2-dd0a-452b-a4f4-a170527ae7f0-1717564167195.jpeg', '6b10de49-533b-4f51-9eee-695213cc9b85', '2024-06-05 05:09:27', '2024-06-05 05:09:27'),
	('5a2a3d00-294c-4aab-8e8a-864f9f440752', '"Mama Papa tahu kamu suka gambar, Din. Tapi ini kesempatan bagus. Coba dulu, siapa tahu kamu bisa?" bujuk ibunya lembut.', 'ce32b3e8-6e36-4330-9659-a64ba655301c-1717563092217.jpeg', '7106c109-337f-4b56-88eb-1a476e8aed0c', '2024-06-05 04:51:32', '2024-06-05 04:51:32'),
	('647d4a30-3b5a-4486-ab5b-0e9445e7b6f5', 'The school had gone from a place of fear and hate to a place of peace and acceptance. Sarah couldn\'t believe that the bullies had turned into such caring and kind individuals.\r\n', '825656ab-af94-4f2b-a8de-4a1f40025326-1717562139418.png', 'b928e5f9-3211-4408-8dfc-c528918d7853', '2024-06-02 18:12:24', '2024-06-05 04:35:39'),
	('68714769-b640-4371-b782-54eff25896e3', 'Aria kembali ke rumahnya dengan hati yang penuh harapan. Dia segera mencoba meng-hosting ulang salah satu websitenya yang dulu dibanned. Hari demi hari berlalu, dan kali ini, hosting tersebut tetap aktif tanpa masalah. Aria merasa sangat lega dan bersyukur kepada Niko.\r\n', '92de0021-c465-41f7-931f-c83bc33ea518-1717564269101.jpeg', '6b10de49-533b-4f51-9eee-695213cc9b85', '2024-06-05 05:11:09', '2024-06-05 05:11:09'),
	('817cd14f-4bda-452a-b0eb-eb2d6732ed05', 'Di sebuah kota kecil bernama Cyberville, hidup seorang pemrogram web bernama Aria. Aria dikenal sebagai seorang jenius dalam pengembangan website, dan klien-kliennya datang dari berbagai penjuru untuk meminta bantuan dalam membangun situs yang indah dan fungsional.', '68458251-edc2-4d81-ae3d-8eecbec1e119-1717565826739.jpeg', '6b10de49-533b-4f51-9eee-695213cc9b85', '2024-06-05 05:00:43', '2024-06-05 05:37:06'),
	('84cc749d-4745-4e05-a1ce-df5cd28be947', 'Tiba-tiba, lampu senter yang mereka bawa mulai berkedip-kedip dan suara aneh mulai terdengar. ', '8ac4add9-7bc1-462c-b2e7-27f5ce044dc5-1717565428387.jpeg', 'bd795855-5c8a-4e8c-b011-1853b3147fdc', '2024-06-05 05:23:12', '2024-06-05 05:30:28'),
	('884253d2-3fed-49d9-82ce-e2d79a2055ea', 'But then, one day, something unexpected happened. As she was walking to her next class, Sarah saw a group of students surrounding a boy from her class. \r\n', 'f30234ef-6fcf-4e22-87da-9a6739455e9d-1717351772130.png', 'b928e5f9-3211-4408-8dfc-c528918d7853', '2024-06-02 18:09:32', '2024-06-02 18:09:32'),
	('89f15c38-9998-4e2d-99df-abde6d0d7510', 'Di sisi lain, Jaka mendengar bisikan yang seolah-olah memanggilnya kembali ke ruang bawah tanah. Bisikan itu terdengar seperti suara Danu, memohon bantuan. Dengan hati-hati, Jaka memutuskan untuk kembali dan mencari tahu apa yang sebenarnya terjadi. Rina tampak marah dan mencoba menghalanginya, tetapi Jaka tidak mendengarkannya.\r\n', '1c162556-0376-4cff-9b13-dbd213a912d1-1717565620580.jpeg', 'bd795855-5c8a-4e8c-b011-1853b3147fdc', '2024-06-05 05:33:40', '2024-06-05 05:33:40'),
	('9262ed72-8740-4f0b-ab00-e2035e3b5945', 'Di sebuah desa kecil yang terletak di pinggiran hutan belantara, hiduplah seorang pemuda bernama Jaka. Jaka dikenal sebagai seorang yang berjiwa pemberani dan selalu siap membantu siapa saja yang membutuhkan. Bersama dua sahabatnya, Rina dan Danu, Jaka sering menjelajah hutan untuk mencari tantangan baru.\r\n', '96eab829-4fa7-4625-9674-7761a097d33d-1717564691699.jpeg', 'bd795855-5c8a-4e8c-b011-1853b3147fdc', '2024-06-05 05:18:11', '2024-06-05 05:18:11'),
	('937eb68f-81b3-463e-941b-28dc580a7c11', 'It was a typical day at school, but for Sarah, it was anything but normal. She had been the target of bullying for months now. Every day, she would dread going to school, knowing that she would have to face the harsh taunts and cruel words from her classmates.\r\n', '7747fdda-5deb-43ac-b748-34ddd0ab0f2c-1717351698515.png', 'b928e5f9-3211-4408-8dfc-c528918d7853', '2024-06-02 18:08:18', '2024-06-02 18:08:18'),
	('97640ac9-3d85-4c00-9059-16fa978d1f9b', 'The best part was, the boy who had been bullied that day became one of Sarah\'s closest friends. They bonded over their shared experience and became each other\'s support system.\r\n', 'ed8edb97-e2ca-47a7-8853-17af3236f7d8-1717562154140.png', 'b928e5f9-3211-4408-8dfc-c528918d7853', '2024-06-02 18:12:02', '2024-06-05 04:35:54'),
	('a8448e1d-8e53-482b-aca3-56ba9366b136', '"Dina! Namamu ada! Lulus, Din! Kita satu sekolah!"', 'fb481574-7aee-4d9a-94ce-5977c79de3e2-1717562630844.jpeg', '7106c109-337f-4b56-88eb-1a476e8aed0c', '2024-06-05 04:43:50', '2024-06-05 04:43:50'),
	('a857e62d-adc4-4bc4-ada1-3bbbb8564530', 'The school became a much happier place, and Sarah was no longer afraid to go to school. She found herself making new friends and even joining in on activities she never thought she would be a part of.\r\n', '7ad8d3e9-2622-47c2-a5a9-eb261eebe0d1-1717562067652.png', 'b928e5f9-3211-4408-8dfc-c528918d7853', '2024-06-02 18:11:42', '2024-06-05 04:34:27'),
	('ab80540c-c5bc-47f7-b445-c2e03b10fb12', 'Dengan semangat baru, Aria melanjutkan karirnya sebagai pemrogram web. Kini, dia selalu berhati-hati dalam menggunakan kode dari sumber yang tidak dikenal dan menghormati tradisi kuno yang telah menyelamatkannya. ', 'ff1d846d-88cd-49a1-b895-485ff6af98e7-1717566025400.jpeg', '6b10de49-533b-4f51-9eee-695213cc9b85', '2024-06-05 05:11:29', '2024-06-05 05:40:25'),
	('b8198a09-4e37-4b31-a91c-a93a5fce26d4', 'Kisah kutukan JavaScript ini menjadi legenda di Cyberville, mengingatkan semua orang akan bahaya dari kode yang misterius dan kekuatan dari tarian penolakan JavaScript.', 'dec873ff-3d17-4bfa-9d96-d4d47503cc04-1717566045826.jpeg', '6b10de49-533b-4f51-9eee-695213cc9b85', '2024-06-05 05:11:51', '2024-06-05 05:40:45'),
	('bdb149e2-7065-47ce-85e9-0825186477c6', 'Senyum tulus akhirnya mengembang di wajah Dina. Dia akan buktikan, dia bisa meraih mimpi, meski di jalan berliku.', 'dd15d22f-35a1-4c0b-bf5c-ec5559a575e7-1717563146770.jpeg', '7106c109-337f-4b56-88eb-1a476e8aed0c', '2024-06-05 04:52:26', '2024-06-05 04:52:26'),
	('ca996272-a4ac-4b58-abb9-29281796c3a5', 'Setelah berjam-jam berjalan, mereka akhirnya sampai di rumah tua yang dimaksud. Bangunan itu tampak angker dengan dinding-dinding berlumut dan jendela-jendela yang pecah. Mereka memutuskan untuk masuk dan mulai menjelajahi setiap ruangan dengan hati-hati.\r\n', '98d4b50d-3488-4248-9499-c96a25840d3d-1717564835410.jpeg', 'bd795855-5c8a-4e8c-b011-1853b3147fdc', '2024-06-05 05:20:35', '2024-06-05 05:20:35'),
	('ce9a25f6-c79e-4bef-8b20-01e6c48653e4', 'Suatu hari, mereka mendengar cerita tentang sebuah rumah tua yang terletak jauh di dalam hutan. Rumah itu, konon katanya, dihuni oleh arwah penasaran yang selalu mencari korban baru. Penduduk desa mengatakan bahwa rumah itu terkutuk dan siapa pun yang masuk tidak pernah kembali.\r\n', '2a38a2c8-ce2f-4564-9591-df06a01064be-1717564712194.jpeg', 'bd795855-5c8a-4e8c-b011-1853b3147fdc', '2024-06-05 05:18:32', '2024-06-05 05:18:32'),
	('d0b2dcc9-b0c2-408b-be0b-355ec4bf0be3', 'Aria kebingungan, namun Niko menjelaskan bahwa tarian ini adalah ritual kuno yang dilakukan oleh para pemrogram zaman dulu untuk menolak energi negatif dari kode JavaScript yang tidak sempurna. Tanpa pilihan lain, Aria setuju untuk mencoba tarian tersebut. Niko mengajarinya gerakan-gerakan tarian yang tampak konyol dan lucu, tetapi penuh makna simbolis.\r\n', '9fb885be-8339-4655-89ed-ac1a1bd5e710-1717564122526.jpeg', '6b10de49-533b-4f51-9eee-695213cc9b85', '2024-06-05 05:05:52', '2024-06-05 05:08:42'),
	('d0c9a7d5-d24d-40ff-8fb1-8664dcd0ccb3', 'Dina terdiam. Dia tak ingin mengecewakan orang tuanya. Tapi dia juga tak mau melepaskan hasratnya. Malam itu, Dina berselancar di internet. Tanpa sengaja, dia menemukan sebuah komunitas melukis online. Ada remaja seusianya yang karyanya luar biasa.', 'f35d241c-8d4e-443b-9cb1-ee92ca2b0dd0-1717563112885.jpeg', '7106c109-337f-4b56-88eb-1a476e8aed0c', '2024-06-05 04:51:52', '2024-06-05 04:51:52'),
	('ddda51b9-e8b5-4cd6-8314-7f19e8ba2b0f', 'Aria berusaha mencari bantuan dari para pakar di bidang teknologi, namun tak seorang pun bisa memberikan jawaban yang memuaskan. Hosting yang dibanned secara misterius ini membuat Aria kehilangan banyak klien dan reputasinya mulai tercoreng. Di tengah keputusasaan, Aria teringat akan seorang legenda kota Cyberville, seorang dukun teknologi bernama Niko.\r\nNiko tinggal di pinggir kota, di sebuah rumah kecil yang dipenuhi dengan perangkat elektronik kuno dan buku-buku tua. Aria mendatangi Niko dengan harapan dia bisa menghilangkan kutukan yang membelenggunya. Setelah mendengarkan cerita Aria, Niko tersenyum dan berkata, "Kutukan ini hanya bisa dihilangkan dengan tarian penolakan JavaScript."\r\n', '825d3b58-d7c4-437a-828b-64f78ea598ce-1717564070525.jpeg', '6b10de49-533b-4f51-9eee-695213cc9b85', '2024-06-05 05:03:26', '2024-06-05 05:07:50'),
	('e6ed6ffe-c4ae-4c6b-89a5-673066e096ca', 'Sebuah ide muncul. Mungkin dia bisa menjalani keduanya. Belajar giat di sekolah akselerasi, tapi tetap meluangkan waktu untuk hobinya. Dia bisa belajar dari komunitas online itu, dan siapa tahu, suatu saat nanti, dia bisa memamerkan karyanya di sana. ', '9aee7c34-bc02-4b5e-b7ad-1671dafab6d1-1717563133364.jpeg', '7106c109-337f-4b56-88eb-1a476e8aed0c', '2024-06-05 04:52:13', '2024-06-05 04:52:13'),
	('f1dfa863-94ce-46f8-8fdb-0553cd7242a0', 'Kutukan itu dimulai ketika Aria menemukan sebuah buku kuno di pasar loak. Buku tersebut berisi berbagai mantra dan kode pemrograman kuno, termasuk beberapa baris JavaScript yang aneh dan tak dikenal. Tanpa berpikir panjang, Aria menggunakan salah satu kode JavaScript dari buku tersebut untuk proyek terbarunya. Sejak saat itu, kutukan itu mulai menghantui setiap karyanya.\r\n', 'ffda108d-3f4c-48a7-a986-e64479eec5cd-1717565926973.jpeg', '6b10de49-533b-4f51-9eee-695213cc9b85', '2024-06-05 05:03:08', '2024-06-05 05:38:46'),
	('f434dbbf-4b94-4b15-9794-ae8588dbb6e7', 'Rina mulai panik dan mendesak mereka untuk segera pergi, tetapi Danu justru tertarik untuk membuka lebih banyak halaman buku itu. Saat Danu terus membaca, suara-suara aneh semakin keras dan tiba-tiba sosok bayangan muncul di sudut ruangan.\r\nSosok itu mendekat dan mulai menyerang mereka. Jaka dengan sigap mencoba melindungi Rina dan Danu, tetapi mereka terpisah dalam kegelapan. Dalam kekacauan itu, Jaka mendengar suara Rina yang memanggilnya dengan nada putus asa. Jaka berusaha mencari Rina dan akhirnya menemukannya di sudut ruangan, terpojok oleh sosok bayangan tersebut.\r\n', '51f7c59a-1065-4ee6-a148-3027b8434131-1717565492299.jpeg', 'bd795855-5c8a-4e8c-b011-1853b3147fdc', '2024-06-05 05:31:32', '2024-06-05 05:31:32'),
	('f8c8ece9-400d-49cb-8784-6e042a1182b7', '"Wah, keren banget, Din! Akselerasi! Pasti kamu termasuk yang paling pintar!" Rani bersorak girang.                  \r\n                                                                                           \r\n Senyum Dina semakin kecut. Pintar? Mungkin. Tapi sebenarnya, Dina lebih suka menggambar. Melukis imajinasinya dengan warna-warna pastel adalah dunianya. Dia takut tak punya waktu untuk itu lagi di kelas akselerasi.\r\n', '376cbd4f-6d59-471c-b4db-ef73b18a8482-1717562969760.jpeg', '7106c109-337f-4b56-88eb-1a476e8aed0c', '2024-06-05 04:46:20', '2024-06-05 04:49:29'),
	('fae6eb17-4d43-4904-a45f-5ad1b6c6d7de', 'But then, something amazing happened. Sarah saw another group of students approach the bullies. They stood up for the boy, telling the bullies to leave him alone. The bullies, taken aback by this sudden intervention, quickly dispersed and the boy was left alone.\r\n', '5fa03f4e-2316-432f-8e49-4d6a60730113-1717351822726.png', 'b928e5f9-3211-4408-8dfc-c528918d7853', '2024-06-02 18:10:22', '2024-06-02 18:10:22');

-- Dumping structure for table bir.sessions
CREATE TABLE IF NOT EXISTS `sessions` (
  `sid` varchar(36) NOT NULL,
  `expires` datetime DEFAULT NULL,
  `data` text,
  `createdAt` datetime NOT NULL,
  `updatedAt` datetime NOT NULL,
  PRIMARY KEY (`sid`)
) ENGINE=InnoDB DEFAULT CHARSET=utf8mb4 COLLATE=utf8mb4_0900_ai_ci;

-- Dumping data for table bir.sessions: ~20 rows (approximately)
INSERT INTO `sessions` (`sid`, `expires`, `data`, `createdAt`, `updatedAt`) VALUES
	('0CBTOedFhIYSVQ6XTU_iYudPbOR8_xPA', '2024-06-06 05:47:30', '{"cookie":{"originalMaxAge":null,"expires":null,"secure":false,"httpOnly":true,"path":"/"}}', '2024-06-05 05:47:30', '2024-06-05 05:47:30'),
	('212OItTFiAkZVrRDWaKb6cLUyfDxt5bX', '2024-06-07 03:58:13', '{"cookie":{"originalMaxAge":null,"expires":null,"secure":false,"httpOnly":true,"path":"/"}}', '2024-06-06 03:58:13', '2024-06-06 03:58:13'),
	('30COhxw9eWOM-r5lQgTzgOOQ4I3TYBV5', '2024-06-06 05:07:50', '{"cookie":{"originalMaxAge":null,"expires":null,"secure":false,"httpOnly":true,"path":"/"}}', '2024-06-05 05:07:50', '2024-06-05 05:07:50'),
	('9XjjfvaIl2TVw4yH0OJn6eTFR_QWpSuV', '2024-06-07 03:48:04', '{"cookie":{"originalMaxAge":null,"expires":null,"secure":false,"httpOnly":true,"path":"/"}}', '2024-06-06 03:48:04', '2024-06-06 03:48:04'),
	('BgjkofWTaD_0-xyHVm35FqzVYyMHeTpi', '2024-06-08 01:55:14', '{"cookie":{"originalMaxAge":null,"expires":null,"secure":false,"httpOnly":true,"path":"/"}}', '2024-06-07 01:55:14', '2024-06-07 01:55:14'),
	('bWnXh22Z8MXbLJZqgO18HC_09dMM7hgh', '2024-06-06 05:30:28', '{"cookie":{"originalMaxAge":null,"expires":null,"secure":false,"httpOnly":true,"path":"/"}}', '2024-06-05 05:30:28', '2024-06-05 05:30:28'),
	('CPQ_mmGCYkPf9MrGv1_mrR6uF11Mub5Z', '2024-06-06 05:46:26', '{"cookie":{"originalMaxAge":null,"expires":null,"secure":false,"httpOnly":true,"path":"/"}}', '2024-06-05 05:46:26', '2024-06-05 05:46:26'),
	('Cxe1hpPR1swbknb5SvamSb5tjpllxHd_', '2024-06-07 03:51:13', '{"cookie":{"originalMaxAge":null,"expires":null,"secure":false,"httpOnly":true,"path":"/"}}', '2024-06-06 03:51:13', '2024-06-06 03:51:13'),
	('dBpQC7MgQll_2ikdHjE2xNkdZKasEZQI', '2024-06-08 01:55:21', '{"cookie":{"originalMaxAge":null,"expires":null,"secure":false,"httpOnly":true,"path":"/"}}', '2024-06-07 01:55:21', '2024-06-07 01:55:21'),
	('hbYYO6OSEwS2p989fdQktUnWXPRjDdgo', '2024-06-06 05:40:25', '{"cookie":{"originalMaxAge":null,"expires":null,"secure":false,"httpOnly":true,"path":"/"}}', '2024-06-05 05:40:25', '2024-06-05 05:40:25'),
	('I9DbJbpVahq9xffo_OfCVDpXVzbYxOoU', '2024-06-06 05:38:21', '{"cookie":{"originalMaxAge":null,"expires":null,"secure":false,"httpOnly":true,"path":"/"}}', '2024-06-05 05:38:21', '2024-06-05 05:38:21'),
	('meRva3_hc3t_UaZ-L_fClbcIchDCYck7', '2024-06-06 06:02:24', '{"cookie":{"originalMaxAge":null,"expires":null,"secure":false,"httpOnly":true,"path":"/"},"userId":"cb69914e-4113-43df-b096-cde09a8f8ad9"}', '2024-06-05 04:25:38', '2024-06-05 06:02:24'),
	('mxM6sX65n4P0alsnwP8oAtdv-lsHE_79', '2024-06-06 05:04:36', '{"cookie":{"originalMaxAge":null,"expires":null,"secure":false,"httpOnly":true,"path":"/"}}', '2024-06-05 05:04:36', '2024-06-05 05:04:36'),
	('r1zrgOK7ElO_I_agiTo-FLt4PB4j5wbJ', '2024-06-07 03:51:23', '{"cookie":{"originalMaxAge":null,"expires":null,"secure":false,"httpOnly":true,"path":"/"}}', '2024-06-06 03:51:23', '2024-06-06 03:51:23'),
	('rJ6Si5lf7utRxrpQHIqqh55SdMUXPU2Y', '2024-06-07 05:03:06', '{"cookie":{"originalMaxAge":null,"expires":null,"secure":false,"httpOnly":true,"path":"/"},"userId":"cb69914e-4113-43df-b096-cde09a8f8ad9"}', '2024-06-06 03:51:28', '2024-06-06 05:03:06'),
	('SeQb84Qe_Z0OU1XNXmkDwMyO2re8gp06', '2024-06-06 05:40:45', '{"cookie":{"originalMaxAge":null,"expires":null,"secure":false,"httpOnly":true,"path":"/"}}', '2024-06-05 05:40:45', '2024-06-05 05:40:45'),
	('teoA78SYqmm_mUf1o_u_yy2O3ZhBEnAr', '2024-06-06 05:04:55', '{"cookie":{"originalMaxAge":null,"expires":null,"secure":false,"httpOnly":true,"path":"/"}}', '2024-06-05 05:04:55', '2024-06-05 05:04:55'),
	('Tzq9DMzfOk1vVi25ORnDEahbAftoVIxc', '2024-06-06 05:08:42', '{"cookie":{"originalMaxAge":null,"expires":null,"secure":false,"httpOnly":true,"path":"/"}}', '2024-06-05 05:08:42', '2024-06-05 05:08:42'),
	('utaPTsb3ygeC-Qji1PgIlWh4ZmQcl0rK', '2024-06-07 02:24:59', '{"cookie":{"originalMaxAge":null,"expires":null,"secure":false,"httpOnly":true,"path":"/"}}', '2024-06-06 02:24:59', '2024-06-06 02:24:59'),
	('xC78P1MpXsdqZi2bqj4hZKyI7vz3tB2E', '2024-06-06 05:37:06', '{"cookie":{"originalMaxAge":null,"expires":null,"secure":false,"httpOnly":true,"path":"/"}}', '2024-06-05 05:37:06', '2024-06-05 05:37:06'),
	('XirNhMgtI8jusOblmpPrH0vmFfHSNMFh', '2024-06-06 05:38:46', '{"cookie":{"originalMaxAge":null,"expires":null,"secure":false,"httpOnly":true,"path":"/"}}', '2024-06-05 05:38:46', '2024-06-05 05:38:46'),
	('xzHAAjhyeHd1gs5VfKkvp4b9Kf0DkyLA', '2024-06-07 03:58:18', '{"cookie":{"originalMaxAge":null,"expires":null,"secure":false,"httpOnly":true,"path":"/"}}', '2024-06-06 03:58:18', '2024-06-06 03:58:18'),
	('ZOtNcWx4cKX2zib6L86v-FesfS8SdKCq', '2024-06-08 02:01:22', '{"cookie":{"originalMaxAge":null,"expires":null,"secure":false,"httpOnly":true,"path":"/"},"userId":"cb69914e-4113-43df-b096-cde09a8f8ad9"}', '2024-06-07 01:54:57', '2024-06-07 02:01:22');

-- Dumping structure for table bir.users
CREATE TABLE IF NOT EXISTS `users` (
  `userid` char(36) CHARACTER SET utf8mb4 COLLATE utf8mb4_bin NOT NULL,
  `username` varchar(255) NOT NULL,
  `email` varchar(255) NOT NULL,
  `password` varchar(255) NOT NULL,
  `role` varchar(255) NOT NULL,
  `createdAt` datetime NOT NULL,
  `updatedAt` datetime NOT NULL,
  PRIMARY KEY (`userid`)
) ENGINE=InnoDB DEFAULT CHARSET=utf8mb4 COLLATE=utf8mb4_0900_ai_ci;

-- Dumping data for table bir.users: ~0 rows (approximately)
INSERT INTO `users` (`userid`, `username`, `email`, `password`, `role`, `createdAt`, `updatedAt`) VALUES
	('cb69914e-4113-43df-b096-cde09a8f8ad9', 'John Doe', 'john@gmail.com', '$argon2id$v=19$m=65536,t=3,p=4$lf2zry3y+OEfFzp4l2x5ZQ$bGpDU1M3KYqv9xZWMQ7cV7nCW7CLENZvx9INloWdg50', 'user', '2024-06-02 18:02:18', '2024-06-02 18:02:18');

/*!40103 SET TIME_ZONE=IFNULL(@OLD_TIME_ZONE, 'system') */;
/*!40101 SET SQL_MODE=IFNULL(@OLD_SQL_MODE, '') */;
/*!40014 SET FOREIGN_KEY_CHECKS=IFNULL(@OLD_FOREIGN_KEY_CHECKS, 1) */;
/*!40101 SET CHARACTER_SET_CLIENT=@OLD_CHARACTER_SET_CLIENT */;
/*!40111 SET SQL_NOTES=IFNULL(@OLD_SQL_NOTES, 1) */;
